﻿<solution  id="ff678bef-d453-4b86-abac-a041b52a91fc" name="MyGroovySharePointLibrary" >
  <features>
    <feature  id="cc2a1b52-324a-4a20-bca8-0d512f8348b4" name="MyGroovyWebPart" title="MyGroovyWebPart" description="" version="1.0.0.0" scope="Site" hidden="False" defaultresourcefile="core" >
      <element  id="cc2a1b52-324a-4a20-bca8-0d512f8348b4" title="MyGroovyWebPart Web Part" description="" importerrormessage="Cannot import MyGroovyWebPart Web Part." />
    </feature>
  </features>
  <templates>
  </templates>
  <sitedefinitions>
  </sitedefinitions>
</solution>
